{
  "machine": {
    "timestamp": "2026-04-13T09:02:17.086Z",
    "benchmarkKind": "workloads",
    "buildProfile": "release",
    "gitSha": "4814c3e",
    "fixtureVersion": 4,
    "hostname": "mac.lan",
    "platform": "darwin 25.2.0",
    "arch": "arm64",
    "nodeVersion": "v24.12.0",
    "cpuModel": "Apple M4",
    "cpuCount": 10,
    "totalMemoryBytes": 17179869184
  },
  "notes": {
    "suspendResumeIsolate": "isolated-vm cannot snapshot continuations here; suspend_resume_* is measured as repeated isolate re-entry with explicit host-carried state rebuild.",
    "sidecarMemory": "sidecar memory deltas include parent Node process RSS plus the live child sidecar RSS sampled via ps.",
    "phaseSplitDefinitions": "addon.phases isolates compile-free runtime slices: runtime_init_only uses a precompiled trivial program, execution_only_small resumes pre-created suspended progress, snapshot_load_only uses raw native inspectSnapshot, and Progress.load_only measures the public JS wrapper before cleanup."
  },
  "addon": {
    "latency": {
      "cold_start_small": {
        "iterations": 3,
        "minMs": 10.226541999999995,
        "medianMs": 10.350291000000027,
        "p95Ms": 10.428207999999984,
        "maxMs": 10.428207999999984,
        "meanMs": 10.335013666666669
      },
      "warm_run_small": {
        "iterations": 3,
        "minMs": 10.390708000000018,
        "medianMs": 10.411749999999984,
        "p95Ms": 10.427625000000035,
        "maxMs": 10.427625000000035,
        "meanMs": 10.410027666666679
      },
      "cold_start_code_mode_search": {
        "iterations": 2,
        "minMs": 36.51470900000004,
        "medianMs": 36.51470900000004,
        "p95Ms": 36.79279100000008,
        "maxMs": 36.79279100000008,
        "meanMs": 36.65375000000006
      },
      "warm_run_code_mode_search": {
        "iterations": 3,
        "minMs": 34.837625,
        "medianMs": 35.34337500000004,
        "p95Ms": 36.50291600000003,
        "maxMs": 36.50291600000003,
        "meanMs": 35.56130533333336
      },
      "programmatic_tool_workflow": {
        "iterations": 3,
        "minMs": 36.56958300000008,
        "medianMs": 36.95387500000004,
        "p95Ms": 37.10366700000009,
        "maxMs": 37.10366700000009,
        "meanMs": 36.8757083333334
      },
      "host_fanout_1": {
        "iterations": 3,
        "minMs": 0.07375000000001819,
        "medianMs": 0.07570899999996072,
        "p95Ms": 0.07816700000000765,
        "maxMs": 0.07816700000000765,
        "meanMs": 0.07587533333332885
      },
      "host_fanout_10": {
        "iterations": 3,
        "minMs": 0.5640419999999722,
        "medianMs": 0.5796669999999722,
        "p95Ms": 0.5803750000000036,
        "maxMs": 0.5803750000000036,
        "meanMs": 0.5746946666666494
      },
      "host_fanout_50": {
        "iterations": 3,
        "minMs": 2.7238340000000107,
        "medianMs": 2.821125000000052,
        "p95Ms": 2.850999999999999,
        "maxMs": 2.850999999999999,
        "meanMs": 2.7986530000000207
      },
      "host_fanout_100": {
        "iterations": 3,
        "minMs": 5.110750000000053,
        "medianMs": 5.234040999999934,
        "p95Ms": 5.280250000000024,
        "maxMs": 5.280250000000024,
        "meanMs": 5.208347000000003
      },
      "suspend_resume_1": {
        "iterations": 3,
        "minMs": 0.1894999999999527,
        "medianMs": 0.20708300000001145,
        "p95Ms": 0.230083000000036,
        "maxMs": 0.230083000000036,
        "meanMs": 0.20888866666666672
      },
      "suspend_resume_5": {
        "iterations": 3,
        "minMs": 0.7970419999999194,
        "medianMs": 0.7997910000000275,
        "p95Ms": 0.8125829999999041,
        "maxMs": 0.8125829999999041,
        "meanMs": 0.803138666666617
      },
      "suspend_resume_20": {
        "iterations": 3,
        "minMs": 3.0783749999999372,
        "medianMs": 3.097833000000037,
        "p95Ms": 3.1666249999999536,
        "maxMs": 3.1666249999999536,
        "meanMs": 3.1142776666666427
      }
    },
    "phases": {
      "runtime_init_only": {
        "iterations": 3,
        "minMs": 0.035625000000038654,
        "medianMs": 0.039833999999984826,
        "p95Ms": 0.06958300000002282,
        "maxMs": 0.06958300000002282,
        "meanMs": 0.048347333333348765
      },
      "execution_only_small": {
        "iterations": 3,
        "minMs": 11.648916000000042,
        "medianMs": 13.454000000000008,
        "p95Ms": 17.257374999999968,
        "maxMs": 17.257374999999968,
        "meanMs": 14.120097000000007
      },
      "suspend_only": {
        "iterations": 3,
        "minMs": 0.04616700000002538,
        "medianMs": 0.054290999999977885,
        "p95Ms": 0.07391599999999698,
        "maxMs": 0.07391599999999698,
        "meanMs": 0.05812466666666675
      },
      "snapshot_dump_only": {
        "iterations": 3,
        "minMs": 0.0016669999999976426,
        "medianMs": 0.0018330000000332802,
        "p95Ms": 0.0024169999999799074,
        "maxMs": 0.0024169999999799074,
        "meanMs": 0.0019723333333369433
      },
      "apply_snapshot_policy_only": {
        "iterations": 3,
        "minMs": 0.012874999999951342,
        "medianMs": 0.013082999999994627,
        "p95Ms": 0.01316700000000992,
        "maxMs": 0.01316700000000992,
        "meanMs": 0.013041666666651963
      },
      "snapshot_load_only": {
        "iterations": 3,
        "minMs": 0.022832999999991443,
        "medianMs": 0.022916000000009262,
        "p95Ms": 0.02400000000000091,
        "maxMs": 0.02400000000000091,
        "meanMs": 0.023249666666667206
      },
      "Progress.load_only": {
        "iterations": 3,
        "minMs": 0.11816700000002811,
        "medianMs": 0.12829199999998764,
        "p95Ms": 0.13120900000001257,
        "maxMs": 0.13120900000001257,
        "meanMs": 0.12588933333334276
      }
    },
    "memory": {
      "heapUsedDeltaBytes": 4432,
      "rssDeltaBytes": 360448
    },
    "failureCleanup": {
      "limitFailure": {
        "iterations": 3,
        "minMs": 10.293666999999914,
        "medianMs": 10.365958999999975,
        "p95Ms": 10.415250000000015,
        "maxMs": 10.415250000000015,
        "meanMs": 10.358291999999969
      },
      "hostFailure": {
        "iterations": 3,
        "minMs": 10.556749999999965,
        "medianMs": 10.57725000000005,
        "p95Ms": 10.624540999999908,
        "maxMs": 10.624540999999908,
        "meanMs": 10.586180333333308
      }
    }
  },
  "sidecar": {
    "latency": {
      "cold_start_small": {
        "iterations": 2,
        "minMs": 22.26495900000009,
        "medianMs": 22.26495900000009,
        "p95Ms": 312.0112919999999,
        "maxMs": 312.0112919999999,
        "meanMs": 167.1381255
      },
      "cold_start_code_mode_search": {
        "iterations": 2,
        "minMs": 38.902958000000126,
        "medianMs": 38.902958000000126,
        "p95Ms": 44.06829199999993,
        "maxMs": 44.06829199999993,
        "meanMs": 41.48562500000003
      },
      "warm_run_small": {
        "iterations": 3,
        "minMs": 10.115249999999833,
        "medianMs": 10.217666000000008,
        "p95Ms": 10.434166999999889,
        "maxMs": 10.434166999999889,
        "meanMs": 10.255694333333244
      },
      "warm_run_code_mode_search": {
        "iterations": 3,
        "minMs": 34.875332999999955,
        "medianMs": 35.60374999999976,
        "p95Ms": 35.80912499999977,
        "maxMs": 35.80912499999977,
        "meanMs": 35.4294026666665
      },
      "programmatic_tool_workflow": {
        "iterations": 3,
        "minMs": 41.21645800000033,
        "medianMs": 42.83587499999976,
        "p95Ms": 44.630583000000115,
        "maxMs": 44.630583000000115,
        "meanMs": 42.8943053333334
      },
      "host_fanout_1": {
        "iterations": 2,
        "minMs": 0.13429200000018682,
        "medianMs": 0.13429200000018682,
        "p95Ms": 0.2523340000002463,
        "maxMs": 0.2523340000002463,