{
  "machine": {
    "timestamp": "2026-04-13T07:55:31.500Z",
    "benchmarkKind": "workloads",
    "buildProfile": "release",
    "gitSha": "00510fe",
    "fixtureVersion": 4,
    "hostname": "mac.lan",
    "platform": "darwin 25.2.0",
    "arch": "arm64",
    "nodeVersion": "v24.12.0",
    "cpuModel": "Apple M4",
    "cpuCount": 10,
    "totalMemoryBytes": 17179869184
  },
  "notes": {
    "suspendResumeIsolate": "isolated-vm cannot snapshot continuations here; suspend_resume_* is measured as repeated isolate re-entry with explicit host-carried state rebuild.",
    "sidecarMemory": "sidecar memory deltas include parent Node process RSS plus the live child sidecar RSS sampled via ps.",
    "phaseSplitDefinitions": "addon.phases isolates compile-free runtime slices: runtime_init_only uses a precompiled trivial program, execution_only_small resumes pre-created suspended progress, snapshot_load_only uses raw native inspectSnapshot, and Progress.load_only measures the public JS wrapper before cleanup."
  },
  "addon": {
    "latency": {
      "cold_start_small": {
        "iterations": 3,
        "minMs": 10.553958000000023,
        "medianMs": 10.687624999999969,
        "p95Ms": 10.719249999999988,
        "maxMs": 10.719249999999988,
        "meanMs": 10.653610999999993
      },
      "warm_run_small": {
        "iterations": 3,
        "minMs": 10.665750000000003,
        "medianMs": 10.675584000000015,
        "p95Ms": 10.719249999999988,
        "maxMs": 10.719249999999988,
        "meanMs": 10.686861333333335
      },
      "cold_start_code_mode_search": {
        "iterations": 2,
        "minMs": 35.952042000000006,
        "medianMs": 35.952042000000006,
        "p95Ms": 37.01924999999994,
        "maxMs": 37.01924999999994,
        "meanMs": 36.485645999999974
      },
      "warm_run_code_mode_search": {
        "iterations": 3,
        "minMs": 34.655000000000086,
        "medianMs": 34.920999999999935,
        "p95Ms": 35.549375000000055,
        "maxMs": 35.549375000000055,
        "meanMs": 35.04179166666669
      },
      "programmatic_tool_workflow": {
        "iterations": 3,
        "minMs": 36.84329200000002,
        "medianMs": 37.05504199999996,
        "p95Ms": 37.205917,
        "maxMs": 37.205917,
        "meanMs": 37.03475033333333
      },
      "host_fanout_1": {
        "iterations": 3,
        "minMs": 0.07862499999998818,
        "medianMs": 0.07887500000003911,
        "p95Ms": 0.08199999999999363,
        "maxMs": 0.08199999999999363,
        "meanMs": 0.0798333333333403
      },
      "host_fanout_10": {
        "iterations": 3,
        "minMs": 0.5470420000000331,
        "medianMs": 0.5718339999999671,
        "p95Ms": 0.6204589999999826,
        "maxMs": 0.6204589999999826,
        "meanMs": 0.5797783333333276
      },
      "host_fanout_50": {
        "iterations": 3,
        "minMs": 2.587582999999995,
        "medianMs": 2.752125000000092,
        "p95Ms": 2.8179580000000897,
        "maxMs": 2.8179580000000897,
        "meanMs": 2.719222000000059
      },
      "host_fanout_100": {
        "iterations": 3,
        "minMs": 5.080707999999959,
        "medianMs": 5.147499999999923,
        "p95Ms": 5.2074159999999665,
        "maxMs": 5.2074159999999665,
        "meanMs": 5.14520799999995
      },
      "suspend_resume_1": {
        "iterations": 3,
        "minMs": 0.19129099999997834,
        "medianMs": 0.1984589999999571,
        "p95Ms": 0.3014170000000149,
        "maxMs": 0.3014170000000149,
        "meanMs": 0.23038899999998344
      },
      "suspend_resume_5": {
        "iterations": 3,
        "minMs": 0.7984169999999722,
        "medianMs": 0.8008750000000191,
        "p95Ms": 0.8169579999999996,
        "maxMs": 0.8169579999999996,
        "meanMs": 0.8054166666666637
      },
      "suspend_resume_20": {
        "iterations": 3,
        "minMs": 3.1363750000000437,
        "medianMs": 3.154292000000055,
        "p95Ms": 3.211958000000095,
        "maxMs": 3.211958000000095,
        "meanMs": 3.167541666666731
      }
    },
    "phases": {
      "runtime_init_only": {
        "iterations": 3,
        "minMs": 0.04795799999999417,
        "medianMs": 0.06570799999997234,
        "p95Ms": 0.06841700000001083,
        "maxMs": 0.06841700000001083,
        "meanMs": 0.06069433333332578
      },
      "execution_only_small": {
        "iterations": 3,
        "minMs": 11.774457999999981,
        "medianMs": 13.739333000000045,
        "p95Ms": 17.78170799999998,
        "maxMs": 17.78170799999998,
        "meanMs": 14.431833000000003
      },
      "suspend_only": {
        "iterations": 3,
        "minMs": 0.05383399999999483,
        "medianMs": 0.057292000000018106,
        "p95Ms": 0.07254199999999855,
        "maxMs": 0.07254199999999855,
        "meanMs": 0.0612226666666705
      },
      "snapshot_dump_only": {
        "iterations": 3,
        "minMs": 0.0016249999999899956,
        "medianMs": 0.0018330000000332802,
        "p95Ms": 0.004249999999956344,
        "maxMs": 0.004249999999956344,
        "meanMs": 0.00256933333332654
      },
      "apply_snapshot_policy_only": {
        "iterations": 3,
        "minMs": 0.014207999999996446,
        "medianMs": 0.015209000000027117,
        "p95Ms": 0.017291000000000167,
        "maxMs": 0.017291000000000167,
        "meanMs": 0.015569333333341243
      },
      "snapshot_load_only": {
        "iterations": 3,
        "minMs": 0.023416999999994914,
        "medianMs": 0.024041999999951713,
        "p95Ms": 0.02512500000000273,
        "maxMs": 0.02512500000000273,
        "meanMs": 0.024194666666649784
      },
      "Progress.load_only": {
        "iterations": 3,
        "minMs": 0.11775000000000091,
        "medianMs": 0.11854199999999082,
        "p95Ms": 0.13191699999998718,
        "maxMs": 0.13191699999998718,
        "meanMs": 0.1227363333333263
      }
    },
    "memory": {
      "heapUsedDeltaBytes": 1504,
      "rssDeltaBytes": 458752
    },
    "failureCleanup": {
      "limitFailure": {
        "iterations": 3,
        "minMs": 10.560416000000032,
        "medianMs": 10.680458000000044,
        "p95Ms": 10.68670800000018,
        "maxMs": 10.68670800000018,
        "meanMs": 10.642527333333419
      },
      "hostFailure": {
        "iterations": 3,
        "minMs": 10.774749999999813,
        "medianMs": 10.778708000000051,
        "p95Ms": 10.78554199999985,
        "maxMs": 10.78554199999985,
        "meanMs": 10.779666666666571
      }
    }
  },
  "sidecar": {
    "latency": {
      "cold_start_small": {
        "iterations": 2,
        "minMs": 23.216750000000047,
        "medianMs": 23.216750000000047,
        "p95Ms": 310.911875,
        "maxMs": 310.911875,
        "meanMs": 167.06431250000003
      },
      "cold_start_code_mode_search": {
        "iterations": 2,
        "minMs": 40.148791000000074,
        "medianMs": 40.148791000000074,
        "p95Ms": 44.6332910000001,
        "maxMs": 44.6332910000001,
        "meanMs": 42.39104100000009
      },
      "warm_run_small": {
        "iterations": 3,
        "minMs": 10.61200000000008,
        "medianMs": 10.63629200000014,
        "p95Ms": 10.780166999999892,
        "maxMs": 10.780166999999892,
        "meanMs": 10.676153000000037
      },
      "warm_run_code_mode_search": {
        "iterations": 3,
        "minMs": 35.6340409999998,
        "medianMs": 35.81137499999977,
        "p95Ms": 35.90058399999998,
        "maxMs": 35.90058399999998,
        "meanMs": 35.78199999999985
      },
      "programmatic_tool_workflow": {
        "iterations": 3,
        "minMs": 41.55804100000023,
        "medianMs": 41.931583000000046,
        "p95Ms": 42.05879200000027,
        "maxMs": 42.05879200000027,
        "meanMs": 41.84947200000018
      },
      "host_fanout_1": {
        "iterations": 2,
        "minMs": 0.1291670000000522,
        "medianMs": 0.1291670000000522,
        "p95Ms": 0.1831250000000182,
        "maxMs": 0.1831250000000182,