{
  "machine": {
    "timestamp": "2026-04-13T09:17:27.082Z",
    "benchmarkKind": "smoke",
    "buildProfile": "release",
    "gitSha": "aa543d5",
    "fixtureVersion": 2,
    "hostname": "mac.lan",
    "platform": "darwin 25.2.0",
    "arch": "arm64",
    "nodeVersion": "v24.12.0",
    "cpuModel": "Apple M4",
    "cpuCount": 10,
    "totalMemoryBytes": 17179869184
  },
  "metrics": {
    "startup": {
      "iterations": 20,
      "minMs": 0.10991699999999582,
      "medianMs": 0.12016700000000924,
      "p95Ms": 0.14287500000000364,
      "maxMs": 0.16095799999999372,
      "meanMs": 0.124206199999999
    },
    "compute": {
      "iterations": 10,
      "minMs": 2.810791999999992,
      "medianMs": 3.1949579999999855,
      "p95Ms": 4.813125000000014,
      "maxMs": 4.813125000000014,
      "meanMs": 3.527245799999997
    },
    "hostCall": {
      "guestBaseline": {
        "iterations": 10,
        "minMs": 0.3269159999999829,
        "medianMs": 0.34375,
        "p95Ms": 0.35508399999997664,
        "maxMs": 0.35508399999997664,
        "meanMs": 0.3416415999999799
      },
      "hostCalls": {
        "iterations": 10,
        "minMs": 1.2221250000000055,
        "medianMs": 1.2754580000000146,
        "p95Ms": 1.4579160000000115,
        "maxMs": 1.4579160000000115,
        "meanMs": 1.3230625000000031
      },
      "medianRatio": 3.7104232727273154,
      "p95Ratio": 4.105834112491995
    },
    "snapshot": {
      "direct": {
        "iterations": 20,
        "minMs": 0.19274999999998954,
        "medianMs": 0.21375000000000455,
        "p95Ms": 0.2782500000000141,
        "maxMs": 0.2813330000000178,
        "meanMs": 0.22084585000000345
      },
      "snapshotRoundTrip": {
        "iterations": 20,
        "minMs": 0.2906250000000341,
        "medianMs": 0.31037500000002183,
        "p95Ms": 0.3536250000000223,
        "maxMs": 0.36716700000005176,
        "meanMs": 0.31725830000001165
      },
      "medianRatio": 1.4520467836258022,
      "p95Ratio": 1.2708894878706356
    },
    "memory": {
      "heapDeltaBytes": 10360
    }
  },
  "budgets": {
    "startup": {
      "iterations": 20,
      "warmup": 3,
      "medianMsMax": 1,
      "p95MsMax": 2
    },
    "compute": {
      "iterations": 10,
      "warmup": 2,
      "medianMsMax": 7,
      "p95MsMax": 10
    },
    "hostCall": {
      "iterations": 10,
      "warmup": 2,
      "medianRatioMax": 5,
      "p95RatioMax": 6
    },
    "snapshot": {
      "iterations": 20,
      "warmup": 3,
      "medianRatioMax": 3,
      "p95RatioMax": 4
    },
    "memory": {
      "runs": 40,
      "heapDeltaBytesMax": 1000000
    }
  }
}
