{
  "machine": {
    "timestamp": "2026-04-13T09:02:30.985Z",
    "benchmarkKind": "smoke",
    "buildProfile": "release",
    "gitSha": "4814c3e",
    "fixtureVersion": 2,
    "hostname": "mac.lan",
    "platform": "darwin 25.2.0",
    "arch": "arm64",
    "nodeVersion": "v24.12.0",
    "cpuModel": "Apple M4",
    "cpuCount": 10,
    "totalMemoryBytes": 17179869184
  },
  "metrics": {
    "startup": {
      "iterations": 20,
      "minMs": 0.12391600000000835,
      "medianMs": 0.13300000000000978,
      "p95Ms": 0.1699999999999875,
      "maxMs": 0.19225000000000136,
      "meanMs": 0.14154990000000112
    },
    "compute": {
      "iterations": 10,
      "minMs": 2.7767499999999927,
      "medianMs": 3.201250000000016,
      "p95Ms": 4.4109169999999835,
      "maxMs": 4.4109169999999835,
      "meanMs": 3.3974166999999995
    },
    "hostCall": {
      "guestBaseline": {
        "iterations": 10,
        "minMs": 0.3147920000000113,
        "medianMs": 0.3402080000000183,
        "p95Ms": 0.363708000000031,
        "maxMs": 0.363708000000031,
        "meanMs": 0.3404000999999994
      },
      "hostCalls": {
        "iterations": 10,
        "minMs": 1.2509170000000154,
        "medianMs": 1.3557500000000005,
        "p95Ms": 1.5773750000000177,
        "maxMs": 1.5773750000000177,
        "meanMs": 1.4046250999999983
      },
      "medianRatio": 3.9850620796686957,
      "p95Ratio": 4.336926875405224
    },
    "snapshot": {
      "direct": {
        "iterations": 20,
        "minMs": 0.2064579999999978,
        "medianMs": 0.2141250000000241,
        "p95Ms": 0.24995799999999235,
        "maxMs": 0.2535840000000462,
        "meanMs": 0.2201958500000046
      },
      "snapshotRoundTrip": {
        "iterations": 20,
        "minMs": 0.30683299999998326,
        "medianMs": 0.3229999999999791,
        "p95Ms": 0.3759160000000179,
        "maxMs": 0.38170800000000327,
        "meanMs": 0.3311666000000059
      },
      "medianRatio": 1.5084646818444494,
      "p95Ratio": 1.5039166579986614
    },
    "memory": {
      "heapDeltaBytes": 10880
    }
  },
  "budgets": {
    "startup": {
      "iterations": 20,
      "warmup": 3,
      "medianMsMax": 1,
      "p95MsMax": 2
    },
    "compute": {
      "iterations": 10,
      "warmup": 2,
      "medianMsMax": 7,
      "p95MsMax": 10
    },
    "hostCall": {
      "iterations": 10,
      "warmup": 2,
      "medianRatioMax": 5,
      "p95RatioMax": 6
    },
    "snapshot": {
      "iterations": 20,
      "warmup": 3,
      "medianRatioMax": 3,
      "p95RatioMax": 4
    },
    "memory": {
      "runs": 40,
      "heapDeltaBytesMax": 1000000
    }
  }
}
