{
  "machine": {
    "timestamp": "2026-04-13T08:36:39.534Z",
    "benchmarkKind": "workloads",
    "buildProfile": "release",
    "gitSha": "d9c52a1",
    "fixtureVersion": 4,
    "hostname": "mac.lan",
    "platform": "darwin 25.2.0",
    "arch": "arm64",
    "nodeVersion": "v24.12.0",
    "cpuModel": "Apple M4",
    "cpuCount": 10,
    "totalMemoryBytes": 17179869184
  },
  "notes": {
    "suspendResumeIsolate": "isolated-vm cannot snapshot continuations here; suspend_resume_* is measured as repeated isolate re-entry with explicit host-carried state rebuild.",
    "sidecarMemory": "sidecar memory deltas include parent Node process RSS plus the live child sidecar RSS sampled via ps.",
    "phaseSplitDefinitions": "addon.phases isolates compile-free runtime slices: runtime_init_only uses a precompiled trivial program, execution_only_small resumes pre-created suspended progress, snapshot_load_only uses raw native inspectSnapshot, and Progress.load_only measures the public JS wrapper before cleanup."
  },
  "addon": {
    "latency": {
      "cold_start_small": {
        "iterations": 3,
        "minMs": 10.151916999999969,
        "medianMs": 10.246041999999989,
        "p95Ms": 10.289417000000014,
        "maxMs": 10.289417000000014,
        "meanMs": 10.229125333333323
      },
      "warm_run_small": {
        "iterations": 3,
        "minMs": 10.270207999999968,
        "medianMs": 10.272458000000029,
        "p95Ms": 10.29041699999999,
        "maxMs": 10.29041699999999,
        "meanMs": 10.27769433333333
      },
      "cold_start_code_mode_search": {
        "iterations": 2,
        "minMs": 35.910709,
        "medianMs": 35.910709,
        "p95Ms": 36.02929100000006,
        "maxMs": 36.02929100000006,
        "meanMs": 35.97000000000003
      },
      "warm_run_code_mode_search": {
        "iterations": 3,
        "minMs": 34.42870899999991,
        "medianMs": 35.12950000000001,
        "p95Ms": 35.616542000000095,
        "maxMs": 35.616542000000095,
        "meanMs": 35.05825033333334
      },
      "programmatic_tool_workflow": {
        "iterations": 3,
        "minMs": 37.054666999999995,
        "medianMs": 37.98062499999992,
        "p95Ms": 38.18674999999996,
        "maxMs": 38.18674999999996,
        "meanMs": 37.74068066666663
      },
      "host_fanout_1": {
        "iterations": 3,
        "minMs": 0.07287499999995362,
        "medianMs": 0.07595800000001418,
        "p95Ms": 0.08150000000000546,
        "maxMs": 0.08150000000000546,
        "meanMs": 0.07677766666665775
      },
      "host_fanout_10": {
        "iterations": 3,
        "minMs": 0.5485830000000078,
        "medianMs": 0.5869999999999891,
        "p95Ms": 0.6202089999999316,
        "maxMs": 0.6202089999999316,
        "meanMs": 0.5852639999999761
      },
      "host_fanout_50": {
        "iterations": 3,
        "minMs": 2.6144160000000056,
        "medianMs": 2.735541000000012,
        "p95Ms": 2.8831670000000713,
        "maxMs": 2.8831670000000713,
        "meanMs": 2.744374666666696
      },
      "host_fanout_100": {
        "iterations": 3,
        "minMs": 5.13129200000003,
        "medianMs": 5.157375000000002,
        "p95Ms": 5.216041000000018,
        "maxMs": 5.216041000000018,
        "meanMs": 5.168236000000017
      },
      "suspend_resume_1": {
        "iterations": 3,
        "minMs": 0.1826659999999265,
        "medianMs": 0.20041700000001583,
        "p95Ms": 0.21558399999992162,
        "maxMs": 0.21558399999992162,
        "meanMs": 0.1995556666666213
      },
      "suspend_resume_5": {
        "iterations": 3,
        "minMs": 0.8007499999999936,
        "medianMs": 0.8267499999999472,
        "p95Ms": 0.8315000000000055,
        "maxMs": 0.8315000000000055,
        "meanMs": 0.8196666666666488
      },
      "suspend_resume_20": {
        "iterations": 3,
        "minMs": 3.1425839999999425,
        "medianMs": 3.189791000000014,
        "p95Ms": 3.3915419999999585,
        "maxMs": 3.3915419999999585,
        "meanMs": 3.2413056666666384
      }
    },
    "phases": {
      "runtime_init_only": {
        "iterations": 3,
        "minMs": 0.044582999999988715,
        "medianMs": 0.07033300000000509,
        "p95Ms": 0.09737499999999955,
        "maxMs": 0.09737499999999955,
        "meanMs": 0.07076366666666445
      },
      "execution_only_small": {
        "iterations": 3,
        "minMs": 11.73516699999999,
        "medianMs": 13.595082999999988,
        "p95Ms": 17.118499999999983,
        "maxMs": 17.118499999999983,
        "meanMs": 14.14958333333332
      },
      "suspend_only": {
        "iterations": 3,
        "minMs": 0.053999999999973625,
        "medianMs": 0.05750000000000455,
        "p95Ms": 0.07724999999999227,
        "maxMs": 0.07724999999999227,
        "meanMs": 0.06291666666665681
      },
      "snapshot_dump_only": {
        "iterations": 3,
        "minMs": 0.0016249999999899956,
        "medianMs": 0.0018749999999840838,
        "p95Ms": 0.0021250000000350155,
        "maxMs": 0.0021250000000350155,
        "meanMs": 0.0018750000000030316
      },
      "apply_snapshot_policy_only": {
        "iterations": 3,
        "minMs": 0.014791999999999916,
        "medianMs": 0.01495799999997871,
        "p95Ms": 0.01687499999997044,
        "maxMs": 0.01687499999997044,
        "meanMs": 0.01554166666664969
      },
      "snapshot_load_only": {
        "iterations": 3,
        "minMs": 0.023291999999969448,
        "medianMs": 0.0236250000000382,
        "p95Ms": 0.024125000000026375,
        "maxMs": 0.024125000000026375,
        "meanMs": 0.023680666666678007
      },
      "Progress.load_only": {
        "iterations": 3,
        "minMs": 0.11670899999995754,
        "medianMs": 0.12345799999997098,
        "p95Ms": 0.12679199999996627,
        "maxMs": 0.12679199999996627,
        "meanMs": 0.12231966666663159
      }
    },
    "memory": {
      "heapUsedDeltaBytes": 1664,
      "rssDeltaBytes": 393216
    },
    "failureCleanup": {
      "limitFailure": {
        "iterations": 3,
        "minMs": 10.191417000000001,
        "medianMs": 10.226958000000195,
        "p95Ms": 10.249042000000145,
        "maxMs": 10.249042000000145,
        "meanMs": 10.222472333333448
      },
      "hostFailure": {
        "iterations": 3,
        "minMs": 10.313000000000102,
        "medianMs": 10.322750000000042,
        "p95Ms": 10.362999999999829,
        "maxMs": 10.362999999999829,
        "meanMs": 10.332916666666657
      }
    }
  },
  "sidecar": {
    "latency": {
      "cold_start_small": {
        "iterations": 2,
        "minMs": 22.3893750000002,
        "medianMs": 22.3893750000002,
        "p95Ms": 313.36037499999975,
        "maxMs": 313.36037499999975,
        "meanMs": 167.87487499999997
      },
      "cold_start_code_mode_search": {
        "iterations": 2,
        "minMs": 37.41129099999989,
        "medianMs": 37.41129099999989,
        "p95Ms": 43.38695800000005,
        "maxMs": 43.38695800000005,
        "meanMs": 40.39912449999997
      },
      "warm_run_small": {
        "iterations": 3,
        "minMs": 10.034208999999919,
        "medianMs": 10.177165999999943,
        "p95Ms": 10.46487500000012,
        "maxMs": 10.46487500000012,
        "meanMs": 10.22541666666666
      },
      "warm_run_code_mode_search": {
        "iterations": 3,
        "minMs": 35.20058300000028,
        "medianMs": 35.33291700000018,
        "p95Ms": 36.94737499999974,
        "maxMs": 36.94737499999974,
        "meanMs": 35.8269583333334
      },
      "programmatic_tool_workflow": {
        "iterations": 3,
        "minMs": 40.91170800000009,
        "medianMs": 41.234042000000045,
        "p95Ms": 41.2461659999999,
        "maxMs": 41.2461659999999,
        "meanMs": 41.13063866666668
      },
      "host_fanout_1": {
        "iterations": 2,
        "minMs": 0.12583300000005693,
        "medianMs": 0.12583300000005693,
        "p95Ms": 0.17433299999993324,
        "maxMs": 0.17433299999993324,