{
  "machine": {
    "timestamp": "2026-04-13T08:04:08.003Z",
    "benchmarkKind": "workloads",
    "buildProfile": "release",
    "gitSha": "4005a41",
    "fixtureVersion": 4,
    "hostname": "mac.lan",
    "platform": "darwin 25.2.0",
    "arch": "arm64",
    "nodeVersion": "v24.12.0",
    "cpuModel": "Apple M4",
    "cpuCount": 10,
    "totalMemoryBytes": 17179869184
  },
  "notes": {
    "suspendResumeIsolate": "isolated-vm cannot snapshot continuations here; suspend_resume_* is measured as repeated isolate re-entry with explicit host-carried state rebuild.",
    "sidecarMemory": "sidecar memory deltas include parent Node process RSS plus the live child sidecar RSS sampled via ps.",
    "phaseSplitDefinitions": "addon.phases isolates compile-free runtime slices: runtime_init_only uses a precompiled trivial program, execution_only_small resumes pre-created suspended progress, snapshot_load_only uses raw native inspectSnapshot, and Progress.load_only measures the public JS wrapper before cleanup."
  },
  "addon": {
    "latency": {
      "cold_start_small": {
        "iterations": 3,
        "minMs": 10.069416999999987,
        "medianMs": 10.261541000000022,
        "p95Ms": 10.35066599999999,
        "maxMs": 10.35066599999999,
        "meanMs": 10.227208
      },
      "warm_run_small": {
        "iterations": 3,
        "minMs": 10.31479100000007,
        "medianMs": 10.332916999999952,
        "p95Ms": 10.387833,
        "maxMs": 10.387833,
        "meanMs": 10.34518033333334
      },
      "cold_start_code_mode_search": {
        "iterations": 2,
        "minMs": 35.725250000000074,
        "medianMs": 35.725250000000074,
        "p95Ms": 35.791708000000085,
        "maxMs": 35.791708000000085,
        "meanMs": 35.75847900000008
      },
      "warm_run_code_mode_search": {
        "iterations": 3,
        "minMs": 34.26054199999999,
        "medianMs": 34.654540999999995,
        "p95Ms": 35.491625,
        "maxMs": 35.491625,
        "meanMs": 34.80223599999999
      },
      "programmatic_tool_workflow": {
        "iterations": 3,
        "minMs": 36.40995799999996,
        "medianMs": 36.52370799999994,
        "p95Ms": 36.9011660000001,
        "maxMs": 36.9011660000001,
        "meanMs": 36.61161066666667
      },
      "host_fanout_1": {
        "iterations": 3,
        "minMs": 0.07216700000003584,
        "medianMs": 0.07416699999998855,
        "p95Ms": 0.07829200000003311,
        "maxMs": 0.07829200000003311,
        "meanMs": 0.0748753333333525
      },
      "host_fanout_10": {
        "iterations": 3,
        "minMs": 0.5449170000000549,
        "medianMs": 0.5777910000000475,
        "p95Ms": 0.6583329999999705,
        "maxMs": 0.6583329999999705,
        "meanMs": 0.5936803333333577
      },
      "host_fanout_50": {
        "iterations": 3,
        "minMs": 2.5511249999999563,
        "medianMs": 2.7612910000000284,
        "p95Ms": 2.8543750000000045,
        "maxMs": 2.8543750000000045,
        "meanMs": 2.722263666666663
      },
      "host_fanout_100": {
        "iterations": 3,
        "minMs": 5.089249999999993,
        "medianMs": 5.167082999999934,
        "p95Ms": 5.1725830000000315,
        "maxMs": 5.1725830000000315,
        "meanMs": 5.142971999999986
      },
      "suspend_resume_1": {
        "iterations": 3,
        "minMs": 0.18212499999992815,
        "medianMs": 0.19158300000003692,
        "p95Ms": 0.283916999999974,
        "maxMs": 0.283916999999974,
        "meanMs": 0.21920833333331302
      },
      "suspend_resume_5": {
        "iterations": 3,
        "minMs": 0.7867499999999836,
        "medianMs": 0.7899170000000595,
        "p95Ms": 0.80662499999994,
        "maxMs": 0.80662499999994,
        "meanMs": 0.7944306666666611
      },
      "suspend_resume_20": {
        "iterations": 3,
        "minMs": 3.126125000000002,
        "medianMs": 3.1510829999999714,
        "p95Ms": 3.3072919999999613,
        "maxMs": 3.3072919999999613,
        "meanMs": 3.1948333333333117
      }
    },
    "phases": {
      "runtime_init_only": {
        "iterations": 3,
        "minMs": 0.04950000000002319,
        "medianMs": 0.06645900000000893,
        "p95Ms": 0.09874999999999545,
        "maxMs": 0.09874999999999545,
        "meanMs": 0.07156966666667586
      },
      "execution_only_small": {
        "iterations": 3,
        "minMs": 11.863749999999982,
        "medianMs": 13.825832999999989,
        "p95Ms": 17.13549999999998,
        "maxMs": 17.13549999999998,
        "meanMs": 14.27502766666665
      },
      "suspend_only": {
        "iterations": 3,
        "minMs": 0.052707999999995536,
        "medianMs": 0.05720800000000281,
        "p95Ms": 0.07183299999996962,
        "maxMs": 0.07183299999996962,
        "meanMs": 0.06058299999998932
      },
      "snapshot_dump_only": {
        "iterations": 3,
        "minMs": 0.0015829999999823485,
        "medianMs": 0.0018329999999764368,
        "p95Ms": 0.004542000000014923,
        "maxMs": 0.004542000000014923,
        "meanMs": 0.0026526666666579026
      },
      "apply_snapshot_policy_only": {
        "iterations": 3,
        "minMs": 0.013582999999982803,
        "medianMs": 0.014708999999982098,
        "p95Ms": 0.016833000000019638,
        "maxMs": 0.016833000000019638,
        "meanMs": 0.015041666666661513
      },
      "snapshot_load_only": {
        "iterations": 3,
        "minMs": 0.023000000000024556,
        "medianMs": 0.023416999999994914,
        "p95Ms": 0.02437499999996362,
        "maxMs": 0.02437499999996362,
        "meanMs": 0.023597333333327697
      },
      "Progress.load_only": {
        "iterations": 3,
        "minMs": 0.1169999999999618,
        "medianMs": 0.12258400000001757,
        "p95Ms": 0.1289160000000038,
        "maxMs": 0.1289160000000038,
        "meanMs": 0.12283333333332773
      }
    },
    "memory": {
      "heapUsedDeltaBytes": 1760,
      "rssDeltaBytes": 344064
    },
    "failureCleanup": {
      "limitFailure": {
        "iterations": 3,
        "minMs": 10.149249999999938,
        "medianMs": 10.174958999999944,
        "p95Ms": 10.282459000000017,
        "maxMs": 10.282459000000017,
        "meanMs": 10.202222666666634
      },
      "hostFailure": {
        "iterations": 3,
        "minMs": 10.513374999999996,
        "medianMs": 10.573208000000022,
        "p95Ms": 10.587207999999919,
        "maxMs": 10.587207999999919,
        "meanMs": 10.557930333333312
      }
    }
  },
  "sidecar": {
    "latency": {
      "cold_start_small": {
        "iterations": 2,
        "minMs": 22.77429200000006,
        "medianMs": 22.77429200000006,
        "p95Ms": 312.6351249999998,
        "maxMs": 312.6351249999998,
        "meanMs": 167.70470849999992
      },
      "cold_start_code_mode_search": {
        "iterations": 2,
        "minMs": 37.78933300000017,
        "medianMs": 37.78933300000017,
        "p95Ms": 43.591499999999996,
        "maxMs": 43.591499999999996,
        "meanMs": 40.69041650000008
      },
      "warm_run_small": {
        "iterations": 3,
        "minMs": 10.133291999999983,
        "medianMs": 10.176832999999988,
        "p95Ms": 10.20837500000016,
        "maxMs": 10.20837500000016,
        "meanMs": 10.172833333333378
      },
      "warm_run_code_mode_search": {
        "iterations": 3,
        "minMs": 34.942083000000366,
        "medianMs": 35.162291000000096,
        "p95Ms": 35.38954100000001,
        "maxMs": 35.38954100000001,
        "meanMs": 35.16463833333349
      },
      "programmatic_tool_workflow": {
        "iterations": 3,
        "minMs": 40.92587500000036,
        "medianMs": 41.18349999999964,
        "p95Ms": 41.364708000000064,
        "maxMs": 41.364708000000064,
        "meanMs": 41.15802766666669
      },
      "host_fanout_1": {
        "iterations": 2,
        "minMs": 0.1265840000000935,
        "medianMs": 0.1265840000000935,
        "p95Ms": 0.1833329999999478,
        "maxMs": 0.1833329999999478,
        "meanMs": 0.15495850000002065
      },