{
  "machine": {
    "timestamp": "2026-04-13T09:29:05.358Z",
    "benchmarkKind": "smoke",
    "buildProfile": "release",
    "gitSha": "4ca5cac",
    "fixtureVersion": 2,
    "hostname": "mac.lan",
    "platform": "darwin 25.2.0",
    "arch": "arm64",
    "nodeVersion": "v24.12.0",
    "cpuModel": "Apple M4",
    "cpuCount": 10,
    "totalMemoryBytes": 17179869184
  },
  "metrics": {
    "startup": {
      "iterations": 20,
      "minMs": 0.10983300000000895,
      "medianMs": 0.11941699999999855,
      "p95Ms": 0.14995799999999804,
      "maxMs": 0.18287499999999568,
      "meanMs": 0.12590194999999937
    },
    "compute": {
      "iterations": 10,
      "minMs": 2.7317919999999845,
      "medianMs": 3.1058340000000157,
      "p95Ms": 4.596916999999962,
      "maxMs": 4.596916999999962,
      "meanMs": 3.4423126000000024
    },
    "hostCall": {
      "guestBaseline": {
        "iterations": 10,
        "minMs": 0.3282499999999686,
        "medianMs": 0.3382499999999595,
        "p95Ms": 0.3563750000000141,
        "maxMs": 0.3563750000000141,
        "meanMs": 0.3412373999999886
      },
      "hostCalls": {
        "iterations": 10,
        "minMs": 1.21712500000001,
        "medianMs": 1.263249999999971,
        "p95Ms": 1.4712920000000054,
        "maxMs": 1.4712920000000054,
        "meanMs": 1.3202416999999969
      },
      "medianRatio": 3.734663710273827,
      "p95Ratio": 4.128493861802728
    },
    "snapshot": {
      "direct": {
        "iterations": 20,
        "minMs": 0.19983299999995552,
        "medianMs": 0.20891699999998536,
        "p95Ms": 0.28220800000002555,
        "maxMs": 0.2977080000000001,
        "meanMs": 0.22380820000000198
      },
      "snapshotRoundTrip": {
        "iterations": 20,
        "minMs": 0.2964590000000271,
        "medianMs": 0.31108299999999645,
        "p95Ms": 0.3689160000000129,
        "maxMs": 0.3702910000000088,
        "meanMs": 0.3201080999999931
      },
      "medianRatio": 1.4890267426778014,
      "p95Ratio": 1.3072485542577796
    },
    "memory": {
      "heapDeltaBytes": 11888
    }
  },
  "budgets": {
    "startup": {
      "iterations": 20,
      "warmup": 3,
      "medianMsMax": 1,
      "p95MsMax": 2
    },
    "compute": {
      "iterations": 10,
      "warmup": 2,
      "medianMsMax": 7,
      "p95MsMax": 10
    },
    "hostCall": {
      "iterations": 10,
      "warmup": 2,
      "medianRatioMax": 5,
      "p95RatioMax": 6
    },
    "snapshot": {
      "iterations": 20,
      "warmup": 3,
      "medianRatioMax": 3,
      "p95RatioMax": 4
    },
    "memory": {
      "runs": 40,
      "heapDeltaBytesMax": 1000000
    }
  }
}
