{
  "machine": {
    "timestamp": "2026-04-13T11:04:38.864Z",
    "benchmarkKind": "smoke",
    "buildProfile": "release",
    "gitSha": "86b4956",
    "fixtureVersion": 2,
    "hostname": "mac.lan",
    "platform": "darwin 25.2.0",
    "arch": "arm64",
    "nodeVersion": "v24.12.0",
    "cpuModel": "Apple M4",
    "cpuCount": 10,
    "totalMemoryBytes": 17179869184
  },
  "metrics": {
    "startup": {
      "iterations": 20,
      "minMs": 0.11366600000002336,
      "medianMs": 0.12012500000000159,
      "p95Ms": 0.14662500000000023,
      "maxMs": 0.15749999999999886,
      "meanMs": 0.12505190000000396
    },
    "compute": {
      "iterations": 10,
      "minMs": 2.8204580000000306,
      "medianMs": 3.1575839999999857,
      "p95Ms": 4.772916000000009,
      "maxMs": 4.772916000000009,
      "meanMs": 3.5057124000000046
    },
    "hostCall": {
      "guestBaseline": {
        "iterations": 10,
        "minMs": 0.3274579999999787,
        "medianMs": 0.33520899999996345,
        "p95Ms": 0.35250000000002046,
        "maxMs": 0.35250000000002046,
        "meanMs": 0.341745799999984
      },
      "hostCalls": {
        "iterations": 10,
        "minMs": 0.28745900000001257,
        "medianMs": 0.3039590000000203,
        "p95Ms": 0.33637499999997544,
        "maxMs": 0.33637499999997544,
        "meanMs": 0.30460420000000565
      },
      "medianRatio": 0.9067745794416422,
      "p95Ratio": 0.9542553191488111
    },
    "snapshot": {
      "direct": {
        "iterations": 20,
        "minMs": 0.042709000000002106,
        "medianMs": 0.04804099999995515,
        "p95Ms": 0.07933399999996027,
        "maxMs": 0.08862499999997908,
        "meanMs": 0.05366244999999594
      },
      "snapshotRoundTrip": {
        "iterations": 20,
        "minMs": 0.2757919999999672,
        "medianMs": 0.29062499999997726,
        "p95Ms": 0.3675829999999678,
        "maxMs": 0.4679999999999609,
        "meanMs": 0.3081103499999983
      },
      "medianRatio": 6.049520201499732,
      "p95Ratio": 4.633360223865579
    },
    "memory": {
      "heapDeltaBytes": 45952
    }
  },
  "budgets": {
    "startup": {
      "iterations": 20,
      "warmup": 3,
      "medianMsMax": 1,
      "p95MsMax": 2
    },
    "compute": {
      "iterations": 10,
      "warmup": 2,
      "medianMsMax": 7,
      "p95MsMax": 10
    },
    "hostCall": {
      "iterations": 10,
      "warmup": 2,
      "medianRatioMax": 5,
      "p95RatioMax": 6
    },
    "snapshot": {
      "iterations": 20,
      "warmup": 3,
      "medianRatioMax": 7,
      "p95RatioMax": 9
    },
    "memory": {
      "runs": 40,
      "heapDeltaBytesMax": 1000000
    }
  }
}
