{
  "machine": {
    "timestamp": "2026-04-13T07:40:15.477Z",
    "benchmarkKind": "workloads",
    "buildProfile": "release",
    "gitSha": "c01f0d6",
    "fixtureVersion": 4,
    "hostname": "mac.lan",
    "platform": "darwin 25.2.0",
    "arch": "arm64",
    "nodeVersion": "v24.12.0",
    "cpuModel": "Apple M4",
    "cpuCount": 10,
    "totalMemoryBytes": 17179869184
  },
  "notes": {
    "suspendResumeIsolate": "isolated-vm cannot snapshot continuations here; suspend_resume_* is measured as repeated isolate re-entry with explicit host-carried state rebuild.",
    "sidecarMemory": "sidecar memory deltas include parent Node process RSS plus the live child sidecar RSS sampled via ps.",
    "phaseSplitDefinitions": "addon.phases isolates compile-free runtime slices: runtime_init_only uses a precompiled trivial program, execution_only_small resumes pre-created suspended progress, snapshot_load_only uses raw native inspectSnapshot, and Progress.load_only measures the public JS wrapper before cleanup."
  },
  "addon": {
    "latency": {
      "cold_start_small": {
        "iterations": 3,
        "minMs": 10.73029200000002,
        "medianMs": 10.815540999999996,
        "p95Ms": 10.866583000000048,
        "maxMs": 10.866583000000048,
        "meanMs": 10.804138666666688
      },
      "warm_run_small": {
        "iterations": 3,
        "minMs": 10.934166000000005,
        "medianMs": 10.951000000000022,
        "p95Ms": 10.963874999999973,
        "maxMs": 10.963874999999973,
        "meanMs": 10.949680333333333
      },
      "cold_start_code_mode_search": {
        "iterations": 2,
        "minMs": 36.43400000000008,
        "medianMs": 36.43400000000008,
        "p95Ms": 36.625834,
        "maxMs": 36.625834,
        "meanMs": 36.52991700000004
      },
      "warm_run_code_mode_search": {
        "iterations": 3,
        "minMs": 35.14412500000003,
        "medianMs": 35.38787500000001,
        "p95Ms": 36.24758299999996,
        "maxMs": 36.24758299999996,
        "meanMs": 35.59319433333334
      },
      "programmatic_tool_workflow": {
        "iterations": 3,
        "minMs": 37.26791700000001,
        "medianMs": 37.35854199999994,
        "p95Ms": 37.42537500000003,
        "maxMs": 37.42537500000003,
        "meanMs": 37.350611333333326
      },
      "host_fanout_1": {
        "iterations": 3,
        "minMs": 0.0771670000000313,
        "medianMs": 0.078125,
        "p95Ms": 0.09183299999995143,
        "maxMs": 0.09183299999995143,
        "meanMs": 0.08237499999999424
      },
      "host_fanout_10": {
        "iterations": 3,
        "minMs": 0.5550420000000713,
        "medianMs": 0.5897499999999809,
        "p95Ms": 0.6374580000000378,
        "maxMs": 0.6374580000000378,
        "meanMs": 0.5940833333333634
      },
      "host_fanout_50": {
        "iterations": 3,
        "minMs": 2.616125000000011,
        "medianMs": 2.7852909999999156,
        "p95Ms": 2.8675000000000637,
        "maxMs": 2.8675000000000637,
        "meanMs": 2.75630533333333
      },
      "host_fanout_100": {
        "iterations": 3,
        "minMs": 5.241792000000032,
        "medianMs": 5.254291999999964,
        "p95Ms": 5.2889169999999694,
        "maxMs": 5.2889169999999694,
        "meanMs": 5.2616669999999885
      },
      "suspend_resume_1": {
        "iterations": 3,
        "minMs": 0.18883400000004258,
        "medianMs": 0.1895830000000842,
        "p95Ms": 0.2107499999999618,
        "maxMs": 0.2107499999999618,
        "meanMs": 0.19638900000002954
      },
      "suspend_resume_5": {
        "iterations": 3,
        "minMs": 0.8151249999999663,
        "medianMs": 0.8185829999999896,
        "p95Ms": 0.8317080000000487,
        "maxMs": 0.8317080000000487,
        "meanMs": 0.8218053333333349
      },
      "suspend_resume_20": {
        "iterations": 3,
        "minMs": 3.1159999999999854,
        "medianMs": 3.210166999999956,
        "p95Ms": 3.326459,
        "maxMs": 3.326459,
        "meanMs": 3.2175419999999804
      }
    },
    "phases": {
      "runtime_init_only": {
        "iterations": 3,
        "minMs": 0.052874999999971806,
        "medianMs": 0.06666699999999537,
        "p95Ms": 0.09350000000000591,
        "maxMs": 0.09350000000000591,
        "meanMs": 0.07101399999999103
      },
      "execution_only_small": {
        "iterations": 3,
        "minMs": 11.752582999999959,
        "medianMs": 13.478625000000022,
        "p95Ms": 17.24283399999996,
        "maxMs": 17.24283399999996,
        "meanMs": 14.15801399999998
      },
      "suspend_only": {
        "iterations": 3,
        "minMs": 0.05520799999999326,
        "medianMs": 0.06258299999996098,
        "p95Ms": 0.07866599999999835,
        "maxMs": 0.07866599999999835,
        "meanMs": 0.06548566666665086
      },
      "snapshot_dump_only": {
        "iterations": 3,
        "minMs": 0.0015840000000366672,
        "medianMs": 0.0018330000000332802,
        "p95Ms": 0.0024999999999977263,
        "maxMs": 0.0024999999999977263,
        "meanMs": 0.0019723333333558912
      },
      "apply_snapshot_policy_only": {
        "iterations": 3,
        "minMs": 0.013416000000006534,
        "medianMs": 0.01429200000001174,
        "p95Ms": 0.015166000000021995,
        "maxMs": 0.015166000000021995,
        "meanMs": 0.014291333333346756
      },
      "snapshot_load_only": {
        "iterations": 3,
        "minMs": 0.02245799999997189,
        "medianMs": 0.02408300000001873,
        "p95Ms": 0.025791000000026543,
        "maxMs": 0.025791000000026543,
        "meanMs": 0.024110666666672387
      },
      "Progress.load_only": {
        "iterations": 3,
        "minMs": 0.12024999999999864,
        "medianMs": 0.12266699999997854,
        "p95Ms": 0.12337500000001,
        "maxMs": 0.12337500000001,
        "meanMs": 0.12209733333332906
      }
    },
    "memory": {
      "heapUsedDeltaBytes": 1664,
      "rssDeltaBytes": 360448
    },
    "failureCleanup": {
      "limitFailure": {
        "iterations": 3,
        "minMs": 10.810458000000153,
        "medianMs": 10.867790999999897,
        "p95Ms": 10.899834000000055,
        "maxMs": 10.899834000000055,
        "meanMs": 10.859361000000035
      },
      "hostFailure": {
        "iterations": 3,
        "minMs": 11.023916999999983,
        "medianMs": 11.02579199999991,
        "p95Ms": 11.031166999999868,
        "maxMs": 11.031166999999868,
        "meanMs": 11.026958666666587
      }
    }
  },
  "sidecar": {
    "latency": {
      "cold_start_small": {
        "iterations": 2,
        "minMs": 21.96787500000005,
        "medianMs": 21.96787500000005,
        "p95Ms": 230.22120800000016,
        "maxMs": 230.22120800000016,
        "meanMs": 126.0945415000001
      },
      "cold_start_code_mode_search": {
        "iterations": 2,
        "minMs": 38.61608299999989,
        "medianMs": 38.61608299999989,
        "p95Ms": 42.881124999999884,
        "maxMs": 42.881124999999884,
        "meanMs": 40.74860399999989
      },
      "warm_run_small": {
        "iterations": 3,
        "minMs": 10.376666999999998,
        "medianMs": 10.96337500000027,
        "p95Ms": 11.007290999999896,
        "maxMs": 11.007290999999896,
        "meanMs": 10.782444333333387
      },
      "warm_run_code_mode_search": {
        "iterations": 3,
        "minMs": 35.96108299999969,
        "medianMs": 36.14341599999989,
        "p95Ms": 36.260041,
        "maxMs": 36.260041,
        "meanMs": 36.12151333333319
      },
      "programmatic_tool_workflow": {
        "iterations": 3,
        "minMs": 41.273959000000104,
        "medianMs": 41.624333000000206,
        "p95Ms": 41.82879200000025,
        "maxMs": 41.82879200000025,
        "meanMs": 41.575694666666855
      },
      "host_fanout_1": {
        "iterations": 2,
        "minMs": 0.12887499999987995,
        "medianMs": 0.12887499999987995,
        "p95Ms": 0.19883299999992232,
        "maxMs": 0.19883299999992232,
        "meanMs": 0.16385399999990113
      },