{
  "machine": {
    "timestamp": "2026-04-13T09:17:14.652Z",
    "benchmarkKind": "workloads",
    "buildProfile": "release",
    "gitSha": "aa543d5",
    "fixtureVersion": 4,
    "hostname": "mac.lan",
    "platform": "darwin 25.2.0",
    "arch": "arm64",
    "nodeVersion": "v24.12.0",
    "cpuModel": "Apple M4",
    "cpuCount": 10,
    "totalMemoryBytes": 17179869184
  },
  "notes": {
    "suspendResumeIsolate": "isolated-vm cannot snapshot continuations here; suspend_resume_* is measured as repeated isolate re-entry with explicit host-carried state rebuild.",
    "sidecarMemory": "sidecar memory deltas include parent Node process RSS plus the live child sidecar RSS sampled via ps.",
    "phaseSplitDefinitions": "addon.phases isolates compile-free runtime slices: runtime_init_only uses a precompiled trivial program, execution_only_small resumes pre-created suspended progress, snapshot_load_only uses raw native inspectSnapshot, and Progress.load_only measures the public JS wrapper before cleanup."
  },
  "addon": {
    "latency": {
      "cold_start_small": {
        "iterations": 3,
        "minMs": 10.206416999999988,
        "medianMs": 10.409708000000023,
        "p95Ms": 10.430124999999975,
        "maxMs": 10.430124999999975,
        "meanMs": 10.348749999999995
      },
      "warm_run_small": {
        "iterations": 3,
        "minMs": 10.471208000000047,
        "medianMs": 10.473792000000003,
        "p95Ms": 10.485292000000072,
        "maxMs": 10.485292000000072,
        "meanMs": 10.47676400000004
      },
      "cold_start_code_mode_search": {
        "iterations": 2,
        "minMs": 36.00841600000001,
        "medianMs": 36.00841600000001,
        "p95Ms": 36.08054200000004,
        "maxMs": 36.08054200000004,
        "meanMs": 36.044479000000024
      },
      "warm_run_code_mode_search": {
        "iterations": 3,
        "minMs": 35.013374999999996,
        "medianMs": 35.16416599999991,
        "p95Ms": 35.816167000000064,
        "maxMs": 35.816167000000064,
        "meanMs": 35.33123599999999
      },
      "programmatic_tool_workflow": {
        "iterations": 3,
        "minMs": 34.66750000000002,
        "medianMs": 35.20395799999994,
        "p95Ms": 35.32762500000001,
        "maxMs": 35.32762500000001,
        "meanMs": 35.06636099999999
      },
      "host_fanout_1": {
        "iterations": 3,
        "minMs": 0.06862499999999727,
        "medianMs": 0.07395800000006147,
        "p95Ms": 0.07449999999994361,
        "maxMs": 0.07449999999994361,
        "meanMs": 0.07236100000000079
      },
      "host_fanout_10": {
        "iterations": 3,
        "minMs": 0.5223750000000109,
        "medianMs": 0.5323330000001079,
        "p95Ms": 0.5325420000000349,
        "maxMs": 0.5325420000000349,
        "meanMs": 0.5290833333333845
      },
      "host_fanout_50": {
        "iterations": 3,
        "minMs": 2.487333000000035,
        "medianMs": 2.503084000000058,
        "p95Ms": 2.5954169999999976,
        "maxMs": 2.5954169999999976,
        "meanMs": 2.5286113333333637
      },
      "host_fanout_100": {
        "iterations": 3,
        "minMs": 4.6886670000000095,
        "medianMs": 4.765708000000018,
        "p95Ms": 4.804916999999932,
        "maxMs": 4.804916999999932,
        "meanMs": 4.7530973333333195
      },
      "suspend_resume_1": {
        "iterations": 3,
        "minMs": 0.17687499999999545,
        "medianMs": 0.20174999999994725,
        "p95Ms": 0.20304199999998218,
        "maxMs": 0.20304199999998218,
        "meanMs": 0.19388899999997497
      },
      "suspend_resume_5": {
        "iterations": 3,
        "minMs": 0.768416000000002,
        "medianMs": 0.7816659999999729,
        "p95Ms": 0.7844579999999723,
        "maxMs": 0.7844579999999723,
        "meanMs": 0.7781799999999824
      },
      "suspend_resume_20": {
        "iterations": 3,
        "minMs": 3.0052500000000464,
        "medianMs": 3.056500000000028,
        "p95Ms": 3.1821659999999383,
        "maxMs": 3.1821659999999383,
        "meanMs": 3.081305333333338
      }
    },
    "phases": {
      "runtime_init_only": {
        "iterations": 3,
        "minMs": 0.041917000000012195,
        "medianMs": 0.04824999999999591,
        "p95Ms": 0.08533299999999144,
        "maxMs": 0.08533299999999144,
        "meanMs": 0.05849999999999985
      },
      "execution_only_small": {
        "iterations": 3,
        "minMs": 11.735083000000031,
        "medianMs": 13.69274999999999,
        "p95Ms": 17.513709000000006,
        "maxMs": 17.513709000000006,
        "meanMs": 14.313847333333342
      },
      "suspend_only": {
        "iterations": 3,
        "minMs": 0.04187500000000455,
        "medianMs": 0.05254200000001674,
        "p95Ms": 0.0647499999999468,
        "maxMs": 0.0647499999999468,
        "meanMs": 0.05305566666665603
      },
      "snapshot_dump_only": {
        "iterations": 3,
        "minMs": 0.0017090000000052896,
        "medianMs": 0.0018749999999840838,
        "p95Ms": 0.002250000000003638,
        "maxMs": 0.002250000000003638,
        "meanMs": 0.001944666666664337
      },
      "apply_snapshot_policy_only": {
        "iterations": 3,
        "minMs": 0.012875000000008185,
        "medianMs": 0.012999999999976808,
        "p95Ms": 0.013749999999959073,
        "maxMs": 0.013749999999959073,
        "meanMs": 0.01320833333331469
      },
      "snapshot_load_only": {
        "iterations": 3,
        "minMs": 0.022792000000038115,
        "medianMs": 0.023374999999987267,
        "p95Ms": 0.024165999999979704,
        "maxMs": 0.024165999999979704,
        "meanMs": 0.023444333333335027
      },
      "Progress.load_only": {
        "iterations": 3,
        "minMs": 0.12087499999995543,
        "medianMs": 0.12420800000001009,
        "p95Ms": 0.13324999999997544,
        "maxMs": 0.13324999999997544,
        "meanMs": 0.12611099999998032
      }
    },
    "memory": {
      "heapUsedDeltaBytes": 4544,
      "rssDeltaBytes": 344064
    },
    "failureCleanup": {
      "limitFailure": {
        "iterations": 3,
        "minMs": 10.171333000000004,
        "medianMs": 10.1868750000001,
        "p95Ms": 10.195666999999958,
        "maxMs": 10.195666999999958,
        "meanMs": 10.18462500000002
      },
      "hostFailure": {
        "iterations": 3,
        "minMs": 10.37679100000014,
        "medianMs": 10.400708000000122,
        "p95Ms": 10.410084000000097,
        "maxMs": 10.410084000000097,
        "meanMs": 10.395861000000119
      }
    }
  },
  "sidecar": {
    "latency": {
      "cold_start_small": {
        "iterations": 2,
        "minMs": 21.84275000000025,
        "medianMs": 21.84275000000025,
        "p95Ms": 327.6121249999999,
        "maxMs": 327.6121249999999,
        "meanMs": 174.72743750000006
      },
      "cold_start_code_mode_search": {
        "iterations": 2,
        "minMs": 39.600625000000036,
        "medianMs": 39.600625000000036,
        "p95Ms": 44.265249999999924,
        "maxMs": 44.265249999999924,
        "meanMs": 41.93293749999998
      },
      "warm_run_small": {
        "iterations": 3,
        "minMs": 10.181167000000187,
        "medianMs": 10.19641700000011,
        "p95Ms": 10.534791000000041,
        "maxMs": 10.534791000000041,
        "meanMs": 10.304125000000113
      },
      "warm_run_code_mode_search": {
        "iterations": 3,
        "minMs": 35.59745799999973,
        "medianMs": 35.76304200000004,
        "p95Ms": 36.74462500000027,
        "maxMs": 36.74462500000027,
        "meanMs": 36.03504166666668
      },
      "programmatic_tool_workflow": {
        "iterations": 3,
        "minMs": 39.351500000000215,
        "medianMs": 39.522457999999915,
        "p95Ms": 39.546584000000166,
        "maxMs": 39.546584000000166,
        "meanMs": 39.4735140000001
      },
      "host_fanout_1": {
        "iterations": 2,
        "minMs": 0.12945899999976973,
        "medianMs": 0.12945899999976973,
        "p95Ms": 0.17566700000043056,