{
  "machine": {
    "timestamp": "2026-04-13T06:59:51.780Z",
    "benchmarkKind": "workloads",
    "buildProfile": "release",
    "gitSha": "a222015",
    "fixtureVersion": 4,
    "hostname": "mac.lan",
    "platform": "darwin 25.2.0",
    "arch": "arm64",
    "nodeVersion": "v24.12.0",
    "cpuModel": "Apple M4",
    "cpuCount": 10,
    "totalMemoryBytes": 17179869184
  },
  "notes": {
    "suspendResumeIsolate": "isolated-vm cannot snapshot continuations here; suspend_resume_* is measured as repeated isolate re-entry with explicit host-carried state rebuild.",
    "sidecarMemory": "sidecar memory deltas include parent Node process RSS plus the live child sidecar RSS sampled via ps.",
    "phaseSplitDefinitions": "addon.phases isolates compile-free runtime slices: runtime_init_only uses a precompiled trivial program, execution_only_small resumes pre-created suspended progress, snapshot_load_only uses raw native inspectSnapshot, and Progress.load_only measures the public JS wrapper before cleanup."
  },
  "addon": {
    "latency": {
      "cold_start_small": {
        "iterations": 3,
        "minMs": 16.20420899999999,
        "medianMs": 16.266249999999957,
        "p95Ms": 16.379209000000003,
        "maxMs": 16.379209000000003,
        "meanMs": 16.28322266666665
      },
      "warm_run_small": {
        "iterations": 3,
        "minMs": 16.173374999999965,
        "medianMs": 16.250207999999986,
        "p95Ms": 16.41916600000002,
        "maxMs": 16.41916600000002,
        "meanMs": 16.280916333333323
      },
      "cold_start_code_mode_search": {
        "iterations": 2,
        "minMs": 37.67570899999998,
        "medianMs": 37.67570899999998,
        "p95Ms": 37.842040999999995,
        "maxMs": 37.842040999999995,
        "meanMs": 37.75887499999999
      },
      "warm_run_code_mode_search": {
        "iterations": 3,
        "minMs": 37.32183300000008,
        "medianMs": 37.714833,
        "p95Ms": 39.066291999999976,
        "maxMs": 39.066291999999976,
        "meanMs": 38.03431933333335
      },
      "programmatic_tool_workflow": {
        "iterations": 3,
        "minMs": 42.12583299999994,
        "medianMs": 42.300792,
        "p95Ms": 42.475333999999975,
        "maxMs": 42.475333999999975,
        "meanMs": 42.300652999999976
      },
      "host_fanout_1": {
        "iterations": 3,
        "minMs": 0.1027089999998907,
        "medianMs": 0.10395800000003419,
        "p95Ms": 0.10983299999998053,
        "maxMs": 0.10983299999998053,
        "meanMs": 0.10549999999996847
      },
      "host_fanout_10": {
        "iterations": 3,
        "minMs": 0.7024169999999685,
        "medianMs": 0.7373749999999291,
        "p95Ms": 0.7410419999999931,
        "maxMs": 0.7410419999999931,
        "meanMs": 0.7269446666666303
      },
      "host_fanout_50": {
        "iterations": 3,
        "minMs": 3.3817909999999074,
        "medianMs": 3.444584000000077,
        "p95Ms": 3.522291999999993,
        "maxMs": 3.522291999999993,
        "meanMs": 3.4495556666666594
      },
      "host_fanout_100": {
        "iterations": 3,
        "minMs": 6.5674999999999955,
        "medianMs": 6.6098329999999805,
        "p95Ms": 6.734916999999996,
        "maxMs": 6.734916999999996,
        "meanMs": 6.637416666666657
      },
      "suspend_resume_1": {
        "iterations": 3,
        "minMs": 0.21974999999997635,
        "medianMs": 0.23470899999995254,
        "p95Ms": 0.2499159999999847,
        "maxMs": 0.2499159999999847,
        "meanMs": 0.23479166666663787
      },
      "suspend_resume_5": {
        "iterations": 3,
        "minMs": 0.9454580000000306,
        "medianMs": 0.9529999999999745,
        "p95Ms": 0.9723330000000487,
        "maxMs": 0.9723330000000487,
        "meanMs": 0.9569303333333513
      },
      "suspend_resume_20": {
        "iterations": 3,
        "minMs": 3.5660830000000487,
        "medianMs": 3.6531669999999394,
        "p95Ms": 3.679832999999917,
        "maxMs": 3.679832999999917,
        "meanMs": 3.633027666666635
      }
    },
    "phases": {
      "runtime_init_only": {
        "iterations": 3,
        "minMs": 0.07649999999995316,
        "medianMs": 0.08816600000000108,
        "p95Ms": 0.13412500000004002,
        "maxMs": 0.13412500000004002,
        "meanMs": 0.09959699999999809
      },
      "execution_only_small": {
        "iterations": 3,
        "minMs": 16.389625000000024,
        "medianMs": 17.631083999999987,
        "p95Ms": 21.780332999999985,
        "maxMs": 21.780332999999985,
        "meanMs": 18.600347333333332
      },
      "suspend_only": {
        "iterations": 3,
        "minMs": 0.06641700000000128,
        "medianMs": 0.06908300000003464,
        "p95Ms": 0.07850000000001955,
        "maxMs": 0.07850000000001955,
        "meanMs": 0.07133333333335183
      },
      "snapshot_dump_only": {
        "iterations": 3,
        "minMs": 0.0014999999999645297,
        "medianMs": 0.0017500000000154614,
        "p95Ms": 0.0018749999999840838,
        "maxMs": 0.0018749999999840838,
        "meanMs": 0.0017083333333213584
      },
      "apply_snapshot_policy_only": {
        "iterations": 3,
        "minMs": 0.013958000000002357,
        "medianMs": 0.015208000000029642,
        "p95Ms": 0.016291999999964446,
        "maxMs": 0.016291999999964446,
        "meanMs": 0.015152666666665482
      },
      "snapshot_load_only": {
        "iterations": 3,
        "minMs": 0.024833000000000993,
        "medianMs": 0.025291000000038366,
        "p95Ms": 0.026250000000004547,
        "maxMs": 0.026250000000004547,
        "meanMs": 0.025458000000014636
      },
      "Progress.load_only": {
        "iterations": 3,
        "minMs": 0.11933299999998326,
        "medianMs": 0.1204590000000394,
        "p95Ms": 0.12387499999999818,
        "maxMs": 0.12387499999999818,
        "meanMs": 0.12122233333334027
      }
    },
    "memory": {
      "heapUsedDeltaBytes": 1408,
      "rssDeltaBytes": 425984
    },
    "failureCleanup": {
      "limitFailure": {
        "iterations": 3,
        "minMs": 16.05004199999985,
        "medianMs": 16.12025000000017,
        "p95Ms": 16.130083999999897,
        "maxMs": 16.130083999999897,
        "meanMs": 16.100125333333306
      },
      "hostFailure": {
        "iterations": 3,
        "minMs": 16.156541999999945,
        "medianMs": 16.15662499999985,
        "p95Ms": 16.22762499999999,
        "maxMs": 16.22762499999999,
        "meanMs": 16.180263999999926
      }
    }
  },
  "sidecar": {
    "latency": {
      "cold_start_small": {
        "iterations": 2,
        "minMs": 27.090790999999626,
        "medianMs": 27.090790999999626,
        "p95Ms": 316.15441699999997,
        "maxMs": 316.15441699999997,
        "meanMs": 171.6226039999998
      },
      "cold_start_code_mode_search": {
        "iterations": 2,
        "minMs": 41.92491599999994,
        "medianMs": 41.92491599999994,
        "p95Ms": 46.11437500000011,
        "maxMs": 46.11437500000011,
        "meanMs": 44.019645500000024
      },
      "warm_run_small": {
        "iterations": 3,
        "minMs": 16.46691600000031,
        "medianMs": 16.513500000000022,
        "p95Ms": 16.56162499999982,
        "maxMs": 16.56162499999982,
        "meanMs": 16.514013666666717
      },
      "warm_run_code_mode_search": {
        "iterations": 3,
        "minMs": 38.752042000000074,
        "medianMs": 39.89374999999973,
        "p95Ms": 40.02937499999962,
        "maxMs": 40.02937499999962,
        "meanMs": 39.558388999999806
      },
      "programmatic_tool_workflow": {
        "iterations": 3,
        "minMs": 47.21787500000028,
        "medianMs": 47.35774999999967,
        "p95Ms": 47.452458000000206,
        "maxMs": 47.452458000000206,
        "meanMs": 47.342694333333384
      },
      "host_fanout_1": {
        "iterations": 2,
        "minMs": 0.16066700000010314,
        "medianMs": 0.16066700000010314,
        "p95Ms": 0.2106250000001637,
        "maxMs": 0.2106250000001637,