{
  "machine": {
    "timestamp": "2026-04-13T04:35:04.948Z",
    "fixtureVersion": 3,
    "hostname": "mac.lan",
    "platform": "darwin 25.2.0",
    "arch": "arm64",
    "nodeVersion": "v24.12.0",
    "cpuModel": "Apple M4",
    "cpuCount": 10,
    "totalMemoryBytes": 17179869184
  },
  "notes": {
    "suspendResumeIsolate": "isolated-vm cannot snapshot continuations here; suspend_resume_* is measured as repeated isolate re-entry with explicit host-carried state rebuild.",
    "sidecarMemory": "sidecar memory deltas include parent Node process RSS plus the live child sidecar RSS sampled via ps."
  },
  "addon": {
    "latency": {
      "cold_start_small": {
        "iterations": 3,
        "minMs": 16.602958,
        "medianMs": 17.805665999999974,
        "p95Ms": 21.75591700000001,
        "maxMs": 21.75591700000001,
        "meanMs": 18.721513666666663
      },
      "warm_run_small": {
        "iterations": 3,
        "minMs": 16.788666999999975,
        "medianMs": 16.89270799999997,
        "p95Ms": 16.93237499999998,
        "maxMs": 16.93237499999998,
        "meanMs": 16.871249999999975
      },
      "cold_start_code_mode_search": {
        "iterations": 2,
        "minMs": 39.00491600000004,
        "medianMs": 39.00491600000004,
        "p95Ms": 39.013667,
        "maxMs": 39.013667,
        "meanMs": 39.00929150000002
      },
      "warm_run_code_mode_search": {
        "iterations": 3,
        "minMs": 38.03895799999998,
        "medianMs": 38.64695800000004,
        "p95Ms": 39.33275000000003,
        "maxMs": 39.33275000000003,
        "meanMs": 38.67288866666669
      },
      "programmatic_tool_workflow": {
        "iterations": 3,
        "minMs": 42.381208000000015,
        "medianMs": 42.467708000000016,
        "p95Ms": 42.90487499999995,
        "maxMs": 42.90487499999995,
        "meanMs": 42.584596999999995
      },
      "host_fanout_1": {
        "iterations": 3,
        "minMs": 0.10391700000002402,
        "medianMs": 0.109375,
        "p95Ms": 0.11220900000000711,
        "maxMs": 0.11220900000000711,
        "meanMs": 0.1085003333333437
      },
      "host_fanout_10": {
        "iterations": 3,
        "minMs": 0.6992079999999987,
        "medianMs": 0.7046250000000782,
        "p95Ms": 0.7213329999999587,
        "maxMs": 0.7213329999999587,
        "meanMs": 0.7083886666666785
      },
      "host_fanout_50": {
        "iterations": 3,
        "minMs": 3.305917000000022,
        "medianMs": 3.493583000000058,
        "p95Ms": 3.589458000000036,
        "maxMs": 3.589458000000036,
        "meanMs": 3.4629860000000385
      },
      "host_fanout_100": {
        "iterations": 3,
        "minMs": 6.649792000000048,
        "medianMs": 6.6703750000000355,
        "p95Ms": 6.817084000000023,
        "maxMs": 6.817084000000023,
        "meanMs": 6.712417000000035
      },
      "suspend_resume_1": {
        "iterations": 3,
        "minMs": 0.22583299999996598,
        "medianMs": 0.25804199999993216,
        "p95Ms": 0.2637090000000626,
        "maxMs": 0.2637090000000626,
        "meanMs": 0.24919466666665357
      },
      "suspend_resume_5": {
        "iterations": 3,
        "minMs": 0.9897909999999683,
        "medianMs": 1.0151249999998981,
        "p95Ms": 1.07974999999999,
        "maxMs": 1.07974999999999,
        "meanMs": 1.0282219999999522
      },
      "suspend_resume_20": {
        "iterations": 3,
        "minMs": 3.5357910000000174,
        "medianMs": 3.637458000000038,
        "p95Ms": 3.6604169999999385,
        "maxMs": 3.6604169999999385,
        "meanMs": 3.611221999999998
      }
    },
    "memory": {
      "heapUsedDeltaBytes": 7464,
      "rssDeltaBytes": 360448
    },
    "failureCleanup": {
      "limitFailure": {
        "iterations": 3,
        "minMs": 16.513124999999945,
        "medianMs": 16.75887499999999,
        "p95Ms": 16.78687500000001,
        "maxMs": 16.78687500000001,
        "meanMs": 16.686291666666648
      },
      "hostFailure": {
        "iterations": 3,
        "minMs": 16.577084000000013,
        "medianMs": 16.705791999999974,
        "p95Ms": 16.95466599999986,
        "maxMs": 16.95466599999986,
        "meanMs": 16.745847333333284
      }
    }
  },
  "sidecar": {
    "latency": {
      "cold_start_small": {
        "iterations": 2,
        "minMs": 24.145915999999943,
        "medianMs": 24.145915999999943,
        "p95Ms": 228.10183299999994,
        "maxMs": 228.10183299999994,
        "meanMs": 126.12387449999994
      },
      "cold_start_code_mode_search": {
        "iterations": 2,
        "minMs": 43.17599999999993,
        "medianMs": 43.17599999999993,
        "p95Ms": 43.79529099999991,
        "maxMs": 43.79529099999991,
        "meanMs": 43.48564549999992
      },
      "warm_run_small": {
        "iterations": 3,
        "minMs": 16.456666999999925,
        "medianMs": 16.488417000000027,
        "p95Ms": 16.549792000000252,
        "maxMs": 16.549792000000252,
        "meanMs": 16.498292000000067
      },
      "warm_run_code_mode_search": {
        "iterations": 3,
        "minMs": 38.494083000000046,
        "medianMs": 39.21900000000005,
        "p95Ms": 39.22404199999983,
        "maxMs": 39.22404199999983,
        "meanMs": 38.97904166666664
      },
      "programmatic_tool_workflow": {
        "iterations": 3,
        "minMs": 47.653249999999844,
        "medianMs": 47.75712500000009,
        "p95Ms": 48.15854100000024,
        "maxMs": 48.15854100000024,
        "meanMs": 47.85630533333339
      },
      "host_fanout_1": {
        "iterations": 2,
        "minMs": 0.16900000000032378,
        "medianMs": 0.16900000000032378,
        "p95Ms": 0.25004200000012133,
        "maxMs": 0.25004200000012133,
        "meanMs": 0.20952100000022256
      },
      "host_fanout_10": {
        "iterations": 2,
        "minMs": 1.0100000000002183,
        "medianMs": 1.0100000000002183,
        "p95Ms": 1.1074170000001686,
        "maxMs": 1.1074170000001686,
        "meanMs": 1.0587085000001935
      },
      "host_fanout_50": {
        "iterations": 2,
        "minMs": 4.929708000000119,
        "medianMs": 4.929708000000119,
        "p95Ms": 5.100750000000062,
        "maxMs": 5.100750000000062,
        "meanMs": 5.01522900000009
      },
      "host_fanout_100": {
        "iterations": 2,
        "minMs": 9.444916999999805,
        "medianMs": 9.444916999999805,
        "p95Ms": 9.6984580000003,
        "maxMs": 9.6984580000003,
        "meanMs": 9.571687500000053
      },
      "suspend_resume_1": {
        "iterations": 2,
        "minMs": 0.1582909999997355,
        "medianMs": 0.1582909999997355,
        "p95Ms": 0.21700000000009823,
        "maxMs": 0.21700000000009823,
        "meanMs": 0.18764549999991686
      },
      "suspend_resume_5": {
        "iterations": 2,
        "minMs": 0.508708000000297,
        "medianMs": 0.508708000000297,
        "p95Ms": 0.5883750000002692,
        "maxMs": 0.5883750000002692,
        "meanMs": 0.5485415000002831
      },
      "suspend_resume_20": {
        "iterations": 2,
        "minMs": 1.896541999999954,
        "medianMs": 1.896541999999954,
        "p95Ms": 1.960667000000285,
        "maxMs": 1.960667000000285,
        "meanMs": 1.9286045000001195
      }
    },
    "memory": {
      "heapUsedDeltaBytes": 16256,
      "rssDeltaBytes": 540672
    },
    "failureCleanup": {
      "limitFailure": {
        "iterations": 2,
        "minMs": 16.85158300000012,
        "medianMs": 16.85158300000012,
        "p95Ms": 16.86166600000024,
        "maxMs": 16.86166600000024,
        "meanMs": 16.85662450000018
      },
      "hostFailure": {
        "iterations": 2,
        "minMs": 16.71250000000009,
        "medianMs": 16.71250000000009,
        "p95Ms": 16.747166000000107,
        "maxMs": 16.747166000000107,
        "meanMs": 16.7298330000001
      }
    }
  },
  "isolate": {
    "latency": {
      "cold_start_small": {
        "iterations": 3,
        "minMs": 0.4679590000000644,